{
    "baseline_kappa": 0.002082808816461168,
    "attention_kappa": 0.4514810012964995
}