{
    "train_loss": [
        0.8017060538132985,
        0.38521389961242675,
        0.22144270261128743,
        0.09156004438797632,
        0.05037734523415566,
        0.02753981328258912,
        0.02314604169378678,
        0.06423981224497159,
        0.11625055437286695,
        0.10039746696750323,
        0.040121381608769296,
        0.015375374096135298,
        0.00980802340588222,
        0.0038970263760226467,
        0.0025408863710860412
    ],
    "val_loss": [
        0.594215817451477,
        0.5854970341920853,
        0.6170617532730103,
        0.697571086883545,
        0.8148941361904144,
        0.7718218064308167,
        0.8756191968917847,
        0.9520068228244781,
        1.0277083444595336,
        0.7486136472225189,
        0.8125091743469238,
        0.9563122999668121,
        0.973021788597107,
        0.9254924321174621,
        0.9392116761207581
    ],
    "val_acc": [
        0.7475,
        0.745,
        0.7225,
        0.7075,
        0.715,
        0.7225,
        0.7375,
        0.7075,
        0.7125,
        0.715,
        0.7375,
        0.7425,
        0.7425,
        0.7375,
        0.7275
    ]
}