{
    "train_loss": [
        1.0980733601252237,
        0.5792740146319072,
        0.4460974701245626,
        0.3362296497821808,
        0.21686812500158945,
        0.15799408296744027,
        0.1265483784675598,
        0.0858702794710795,
        0.06413695730268955,
        0.05385768562555313,
        0.052991848302384216,
        0.055516886363426846,
        0.058672896871964135,
        0.05574219886834423,
        0.056473672911524775
    ],
    "val_loss": [
        0.6308604383468628,
        0.5510375380516053,
        0.553471063375473,
        0.5763292694091797,
        0.6615397894382476,
        0.7400600922107696,
        0.7819308125972748,
        0.8857325625419616,
        0.8955703067779541,
        1.040918800830841,
        0.9878602969646454,
        1.0829029607772827,
        1.1015848231315613,
        1.0527027177810668,
        1.11040456533432
    ],
    "val_acc": [
        0.725,
        0.73,
        0.73,
        0.725,
        0.7225,
        0.68,
        0.7025,
        0.72,
        0.7125,
        0.6975,
        0.7075,
        0.665,
        0.69,
        0.72,
        0.71
    ]
}