{
    "max_voting_kappa": 0.45804897631473307,
    "weighted_avg_kappa": 0.45804897631473307
}