{
    "train_loss": [
        0.9517234619458517,
        0.36636128306388854,
        0.1467494010925293,
        0.05296482269962629,
        0.028813561561206978,
        0.017047366729627055,
        0.014612053719659646,
        0.027980972932030758,
        0.14164748203009367,
        0.14481218069791793,
        0.07306469979385535,
        0.04871822075297435,
        0.033888803791875644,
        0.02246327269822359,
        0.010388999469578266
    ],
    "val_loss": [
        0.6845970213413238,
        0.6674372458457947,
        0.7872533655166626,
        0.8929231262207031,
        1.092005294561386,
        0.9647179198265076,
        1.0355714631080628,
        1.0334990882873536,
        1.6439429569244384,
        1.1219741702079773,
        1.0497192525863648,
        1.034357944726944,
        1.0854175037145615,
        1.2411967825889587,
        1.145068769454956
    ],
    "val_acc": [
        0.705,
        0.74,
        0.71,
        0.72,
        0.7175,
        0.7275,
        0.735,
        0.715,
        0.625,
        0.695,
        0.715,
        0.7575,
        0.755,
        0.74,
        0.7225
    ]
}